AgeGroup,SMOKING,YELLOW_FINGERS,ANXIETY,CHRONIC_DISEASE,FATIGUE,ALLERGY,WHEEZING,ALCOHOL_CONSUMING,COUGHING,SHORTNESS_OF_BREATH,SWALLOWING_DIFFICULTY,CHEST_PAIN,SMOKING_count,YELLOW_FINGERS_count,ANXIETY_count,CHRONIC_DISEASE_count,FATIGUE_count,ALLERGY_count,WHEEZING_count,ALCOHOL_CONSUMING_count,COUGHING_count,SHORTNESS_OF_BREATH_count,SWALLOWING_DIFFICULTY_count,CHEST_PAIN_count
30-39,0.5108359133126935,0.5294117647058824,0.44891640866873067,0.5510835913312694,0.4891640866873065,0.47987616099071206,0.5232198142414861,0.47678018575851394,0.47987616099071206,0.5201238390092879,0.4891640866873065,0.544891640866873,165.0,171.0,145.0,178.0,158.0,155.0,169.0,154.0,155.0,168.0,158.0,176.0
40-49,0.48299319727891155,0.4489795918367347,0.46598639455782315,0.5102040816326531,0.4897959183673469,0.5510204081632653,0.46938775510204084,0.4931972789115646,0.5136054421768708,0.445578231292517,0.48639455782312924,0.5034013605442177,142.0,132.0,137.0,150.0,144.0,162.0,138.0,145.0,151.0,131.0,143.0,148.0
50-59,0.5136986301369864,0.5136986301369864,0.5102739726027398,0.5273972602739726,0.5,0.4863013698630137,0.4863013698630137,0.4794520547945205,0.571917808219178,0.4897260273972603,0.4897260273972603,0.5171232876712328,150.0,150.0,149.0,154.0,146.0,142.0,142.0,140.0,167.0,143.0,143.0,151.0
60-69,0.5390070921985816,0.5531914893617021,0.5283687943262412,0.5035460992907801,0.5,0.4716312056737589,0.4432624113475177,0.4078014184397163,0.5425531914893617,0.4645390070921986,0.5319148936170213,0.4787234042553192,152.0,156.0,149.0,142.0,141.0,133.0,125.0,115.0,153.0,131.0,150.0,135.0
70-79,0.46757679180887374,0.5494880546075085,0.49829351535836175,0.4300341296928328,0.4641638225255973,0.5460750853242321,0.45733788395904434,0.5324232081911263,0.5460750853242321,0.5290102389078498,0.447098976109215,0.45051194539249145,137.0,161.0,146.0,126.0,136.0,160.0,134.0,156.0,160.0,155.0,131.0,132.0
80-89,0.29411764705882354,0.5882352941176471,0.38235294117647056,0.47058823529411764,0.5882352941176471,0.6470588235294118,0.5294117647058824,0.38235294117647056,0.4117647058823529,0.3235294117647059,0.35294117647058826,0.5,10.0,20.0,13.0,16.0,20.0,22.0,18.0,13.0,14.0,11.0,12.0,17.0
