{"30-39":{"SMOKING":0.5108359133,"YELLOW_FINGERS":0.5294117647,"ANXIETY":0.4489164087,"CHRONIC_DISEASE":0.5510835913,"FATIGUE":0.4891640867,"ALLERGY":0.479876161,"WHEEZING":0.5232198142,"ALCOHOL_CONSUMING":0.4767801858,"COUGHING":0.479876161,"SHORTNESS_OF_BREATH":0.520123839,"SWALLOWING_DIFFICULTY":0.4891640867,"CHEST_PAIN":0.5448916409,"SMOKING_count":165.0,"YELLOW_FINGERS_count":171.0,"ANXIETY_count":145.0,"CHRONIC_DISEASE_count":178.0,"FATIGUE_count":158.0,"ALLERGY_count":155.0,"WHEEZING_count":169.0,"ALCOHOL_CONSUMING_count":154.0,"COUGHING_count":155.0,"SHORTNESS_OF_BREATH_count":168.0,"SWALLOWING_DIFFICULTY_count":158.0,"CHEST_PAIN_count":176.0},"40-49":{"SMOKING":0.4829931973,"YELLOW_FINGERS":0.4489795918,"ANXIETY":0.4659863946,"CHRONIC_DISEASE":0.5102040816,"FATIGUE":0.4897959184,"ALLERGY":0.5510204082,"WHEEZING":0.4693877551,"ALCOHOL_CONSUMING":0.4931972789,"COUGHING":0.5136054422,"SHORTNESS_OF_BREATH":0.4455782313,"SWALLOWING_DIFFICULTY":0.4863945578,"CHEST_PAIN":0.5034013605,"SMOKING_count":142.0,"YELLOW_FINGERS_count":132.0,"ANXIETY_count":137.0,"CHRONIC_DISEASE_count":150.0,"FATIGUE_count":144.0,"ALLERGY_count":162.0,"WHEEZING_count":138.0,"ALCOHOL_CONSUMING_count":145.0,"COUGHING_count":151.0,"SHORTNESS_OF_BREATH_count":131.0,"SWALLOWING_DIFFICULTY_count":143.0,"CHEST_PAIN_count":148.0},"50-59":{"SMOKING":0.5136986301,"YELLOW_FINGERS":0.5136986301,"ANXIETY":0.5102739726,"CHRONIC_DISEASE":0.5273972603,"FATIGUE":0.5,"ALLERGY":0.4863013699,"WHEEZING":0.4863013699,"ALCOHOL_CONSUMING":0.4794520548,"COUGHING":0.5719178082,"SHORTNESS_OF_BREATH":0.4897260274,"SWALLOWING_DIFFICULTY":0.4897260274,"CHEST_PAIN":0.5171232877,"SMOKING_count":150.0,"YELLOW_FINGERS_count":150.0,"ANXIETY_count":149.0,"CHRONIC_DISEASE_count":154.0,"FATIGUE_count":146.0,"ALLERGY_count":142.0,"WHEEZING_count":142.0,"ALCOHOL_CONSUMING_count":140.0,"COUGHING_count":167.0,"SHORTNESS_OF_BREATH_count":143.0,"SWALLOWING_DIFFICULTY_count":143.0,"CHEST_PAIN_count":151.0},"60-69":{"SMOKING":0.5390070922,"YELLOW_FINGERS":0.5531914894,"ANXIETY":0.5283687943,"CHRONIC_DISEASE":0.5035460993,"FATIGUE":0.5,"ALLERGY":0.4716312057,"WHEEZING":0.4432624113,"ALCOHOL_CONSUMING":0.4078014184,"COUGHING":0.5425531915,"SHORTNESS_OF_BREATH":0.4645390071,"SWALLOWING_DIFFICULTY":0.5319148936,"CHEST_PAIN":0.4787234043,"SMOKING_count":152.0,"YELLOW_FINGERS_count":156.0,"ANXIETY_count":149.0,"CHRONIC_DISEASE_count":142.0,"FATIGUE_count":141.0,"ALLERGY_count":133.0,"WHEEZING_count":125.0,"ALCOHOL_CONSUMING_count":115.0,"COUGHING_count":153.0,"SHORTNESS_OF_BREATH_count":131.0,"SWALLOWING_DIFFICULTY_count":150.0,"CHEST_PAIN_count":135.0},"70-79":{"SMOKING":0.4675767918,"YELLOW_FINGERS":0.5494880546,"ANXIETY":0.4982935154,"CHRONIC_DISEASE":0.4300341297,"FATIGUE":0.4641638225,"ALLERGY":0.5460750853,"WHEEZING":0.457337884,"ALCOHOL_CONSUMING":0.5324232082,"COUGHING":0.5460750853,"SHORTNESS_OF_BREATH":0.5290102389,"SWALLOWING_DIFFICULTY":0.4470989761,"CHEST_PAIN":0.4505119454,"SMOKING_count":137.0,"YELLOW_FINGERS_count":161.0,"ANXIETY_count":146.0,"CHRONIC_DISEASE_count":126.0,"FATIGUE_count":136.0,"ALLERGY_count":160.0,"WHEEZING_count":134.0,"ALCOHOL_CONSUMING_count":156.0,"COUGHING_count":160.0,"SHORTNESS_OF_BREATH_count":155.0,"SWALLOWING_DIFFICULTY_count":131.0,"CHEST_PAIN_count":132.0},"80-89":{"SMOKING":0.2941176471,"YELLOW_FINGERS":0.5882352941,"ANXIETY":0.3823529412,"CHRONIC_DISEASE":0.4705882353,"FATIGUE":0.5882352941,"ALLERGY":0.6470588235,"WHEEZING":0.5294117647,"ALCOHOL_CONSUMING":0.3823529412,"COUGHING":0.4117647059,"SHORTNESS_OF_BREATH":0.3235294118,"SWALLOWING_DIFFICULTY":0.3529411765,"CHEST_PAIN":0.5,"SMOKING_count":10.0,"YELLOW_FINGERS_count":20.0,"ANXIETY_count":13.0,"CHRONIC_DISEASE_count":16.0,"FATIGUE_count":20.0,"ALLERGY_count":22.0,"WHEEZING_count":18.0,"ALCOHOL_CONSUMING_count":13.0,"COUGHING_count":14.0,"SHORTNESS_OF_BREATH_count":11.0,"SWALLOWING_DIFFICULTY_count":12.0,"CHEST_PAIN_count":17.0}}